ID,SEQ
4033,KSLRPRCWIKIKFRCKSLKF
4034,KSLRPRCWIKIKFRCKSLKF
4035,KSLRPRCWIKIKFRCKSLKF
4036,KSLRPRCWIKIKFRCKSLKF
4037,KSLRPRCWIKIKFRCKSLKF
4038,KSLRPRCWIKIKFRCKSLKF
4039,RPRCWIKIKFRCKSLKF
4040,RPRCWIKIKFRCKSLKF
4041,RPRCWIKIKFRCKSLKF
4042,RPRCWIKIKFRCKSLKF
4043,RPRCWIKIKFRCKSLKF
4044,RPRCWIKIKFRCKSLKF
4045,RPRCWIKIKFRCKSLKF
4046,RPRCWIKIKFRCKSLKF
4047,RPRCWIKIKFRCKSLKF
4048,RPRCWIKIKFRCKSLKF
4049,AVDLAKIANKVLSSLF
4050,FLPVILPVIGKLLSGIL
4051,SMWSGMWRRKLKKLRNALKKKLKGE
4052,GLFGKLIKKFGRKAISYAVKKARGKH
4053,SWKSMAKKLKEYMEKLKQRA
4054,SWASMAKKLKEYMEKLKQRA
4055,GLKDKFKSMGEKLKQYIQTWKAKF
4056,SLKDKVKSMGEKLKQYIQTWKAKF
4057,GFFGKMKEYFKKFGASFKRRFANLKKRL
4058,FLPILGKLLSGIL
4063,FWGALAKGALKLIPSLFSSFSKKD
4064,FWGALAKGALKLIPSLFSSFSKKD
4065,FWGALAKGALKLIPSLFSSFSKKD
4066,FWGALAKGALKLIPSLFSSFSKKD
4067,FRGLAKLLKIGLKSFARVLKKVLPKAAKAGKALAKSMADENAIRQQNQ
4068,FRGLAKLLKIGLKSFARVLKKVLPKAAKAGKALAKSMADENAIRQQNQ
4069,FRGLAKLLKIGLKSFARVLKKVLPKAAKAGKALAKSMADENAIRQQNQ
4070,FRGLAKLLKIGLKSFARVLKKVLPKAAKAGKALAKSMADENAIRQQNQ
4071,GFMKYIGPLIPHAVKAISDLI
4072,IPHAVKAISDLI
4073,GFMKYIGPLIPHKVKAISDLI
4074,GFMKYIGPLIPHAVKAISKLI
4075,GFMKYIGPLIPHAVKAIKKLI
4076,GFMKYIKPLIPHAVKAISKLI
4077,GFMKYIKPLIPHAVKAIKKLI
4078,GFMKYIGPLIPHAVKAISDLI
4079,GFMKYIGPLIPHAVKAISKLI
4080,GFMKYIKPLIPHAVKAISKLI
4081,GFMKYIKPLIPHAVKAIKKLI
4082,GIGKFLHSAKKFGKAFVGEIMNS
4083,GIGKFLHSAKKFGKAFVGEIMNS
4084,GIGKFLHSAKKFGKAFVGEIMNS
4085,GIGKFLHSAKKFGKAFVGEIMNS
4086,GIGKFLHSAKKFGKAFVGEIMNS
4087,GWASKIGQTLGKIAKVGLKELIQPK
4088,GWASKIGQTLGKIAKVGLKELIQPK
4089,GWASKIGQTLGKIAKVGLKELIQPK
4090,GWASKIGQTLGKIAKVGLKELIQPK
4091,GWASKIGQTLGKIAKVGLKELIQPK
4092,GMASKAGAIAGKIAKVALKAL
4093,GMASKAGAIAGKIAKVALKAL
4094,GMASKAGAIAGKIAKVALKAL
4095,GMASKAGAIAGKIAKVALKAL
4096,GMASKAGAIAGKIAKVALKAL
4097,ALWKTLLKKVLKA
4098,ALWKTLLKKVLKA
4099,ALWKTLLKKVLKA
4100,ALWKTLLKKVLKA
4101,ALWKTLLKKVLKA
4102,ALWKTLLKKVLKA
4103,ALWKTLLKKVLKA
4104,GLWSTIKQKGKEAAIAAAKAAGQAALGAL
4105,GLWSTIKQKGKEAAIAAAKAAGQAALGAL
4106,GLWSTIKQKGKEAAIAAAKAAGQAALGAL
4107,GLWSTIKQKGKEAAIAAAKAAGQAALGAL
4108,GLWSTIKQKGKEAAIAAAKAAGQAALGAL
4109,GLWSTIKQKGKEAAIAAAKAAGQAALGAL
4110,FLPLIGRVLSGIL
4111,LLPIVGNLLKSLL
4135,CGETCVGGTCNTPGCTCSWPVCTRNGLPV
4136,CGESCVFIPCISTLLGCSCKNKVCYRNGVIP
4146,IPPFIKKVLTTVF
4147,HFLGTLVNLAKKIL
4148,FVQWFSKFLGRIL
4149,INLKALAALAKALL
4158,GLPVCGETCVGGTCNTPGCTCSWPVCTRN
4159,GLPVCGETCTLGTCYTQGCTCSWPICKRN
4168,AKKVFKRLGIGAVLKVLTTG
4169,AKKVFKRLGIGAVLWVLTTG
4170,AKKVFKRLGIGAVLWVLTTG
4171,AKKVFKRLGIGAVLWVLTTG
4172,AKKVFKRLGIGAVLKVLTWG
4173,AKKVFKRLGIGAVLWVLTWG
4174,AKKVFKRLGIGAVLWVLTWG
4175,AKKVFKRLGIGAVLWVLTWG
4176,AKKVFKRLGIGAVLWVLTWG
4177,AKKVFKRLGIGAVLWVLTWG
4178,AWKVFKRLGIGAVLWVLTWG
4179,AWKVFKRLGIGAVLWVLTWG
4180,AWKVFKRLGIGAVLWVLTWG
4181,AWKVFKRLGIGAVLWVLTWG
4182,AWKVFKRLGIGAVLWVLTWG
4183,AWKVFKRLGIGAVLWVLTWG
4184,AKKVFKRLGIGAVLKVLKKG
4189,IWRIFR
4190,IWRIFRRIF
4191,FGVLAKVAAHVVPAIAEHF
4192,FKIKASKVLDKFGKIVGKVLKQLKKVSAVAKV
4193,FSISPGKVLDKFGKIVGKVLKQLKKVSAVAKV

